{
  "processed_files": {
    "agents\\core_dispatcher\\core.yaml": "1771876256.9757192",
    "agents\\core_dispatcher\\sources.yaml": "1771876256.9767187",
    "agents\\elokuva_asiantuntija\\core.yaml": "1771876256.9767187",
    "agents\\elokuva_asiantuntija\\sources.yaml": "1771876256.9767187",
    "agents\\entomologi\\core.yaml": "1771876256.9767187",
    "agents\\entomologi\\sources.yaml": "1771876256.9777186",
    "agents\\erakokki\\core.yaml": "1771876256.9777186",
    "agents\\erakokki\\sources.yaml": "1771876256.9777186",
    "agents\\fenologi\\core.yaml": "1771876256.978718",
    "agents\\fenologi\\sources.yaml": "1771876256.978718",
    "agents\\hortonomi\\core.yaml": "1771876256.978718",
    "agents\\hortonomi\\sources.yaml": "1771876256.9797182",
    "agents\\ilmanlaatu\\core.yaml": "1771876256.9797182",
    "agents\\ilmanlaatu\\sources.yaml": "1771876256.9797182",
    "agents\\inventaariopaallikko\\core.yaml": "1771876256.9797182",
    "agents\\inventaariopaallikko\\sources.yaml": "1771876256.9797182",
    "agents\\jaaasiantuntija\\core.yaml": "1771876256.980718",
    "agents\\jaaasiantuntija\\sources.yaml": "1771876256.980718",
    "agents\\kalantunnistaja\\core.yaml": "1771876256.980718",
    "agents\\kalantunnistaja\\sources.yaml": "1771876256.9817178",
    "agents\\kalastusopas\\core.yaml": "1771876256.9817178",
    "agents\\kalastusopas\\sources.yaml": "1771876256.9817178",
    "agents\\kierratys_jate\\core.yaml": "1771876256.9817178",
    "agents\\kierratys_jate\\sources.yaml": "1771876256.9817178",
    "agents\\kybervahti\\core.yaml": "1771876256.9827187",
    "agents\\kybervahti\\sources.yaml": "1771876256.9827187",
    "agents\\laitehuoltaja\\core.yaml": "1771876256.9827187",
    "agents\\laitehuoltaja\\sources.yaml": "1771876256.9827187",
    "agents\\leipuri\\core.yaml": "1771876256.9837182",
    "agents\\leipuri\\sources.yaml": "1771876256.9837182",
    "agents\\lentosaa\\core.yaml": "1771876256.9837182",
    "agents\\lentosaa\\sources.yaml": "1771876256.9837182",
    "agents\\limnologi\\core.yaml": "1771876256.984718",
    "agents\\limnologi\\sources.yaml": "1771876256.984718",
    "agents\\logistikko\\core.yaml": "1771876256.984718",
    "agents\\logistikko\\sources.yaml": "1771876256.985718",
    "agents\\lukkoseppa\\core.yaml": "1771876256.985718",
    "agents\\lukkoseppa\\sources.yaml": "1771876256.985718",
    "agents\\luontokuvaaja\\core.yaml": "1771876256.985718",
    "agents\\luontokuvaaja\\sources.yaml": "1771876256.9867182",
    "agents\\lvi_asiantuntija\\core.yaml": "1771876256.9867182",
    "agents\\lvi_asiantuntija\\sources.yaml": "1771876256.9867182",
    "agents\\matemaatikko_fyysikko\\core.yaml": "1771876256.987718",
    "agents\\matemaatikko_fyysikko\\sources.yaml": "1771876256.987718",
    "agents\\meteorologi\\core.yaml": "1771876256.987718",
    "agents\\meteorologi\\sources.yaml": "1771876256.987718",
    "agents\\metsanhoitaja\\core.yaml": "1771876256.9887178",
    "agents\\metsanhoitaja\\sources.yaml": "1771876256.9887178",
    "agents\\mikroilmasto\\core.yaml": "1771876256.9887178",
    "agents\\mikroilmasto\\sources.yaml": "1771876256.9887178",
    "agents\\myrskyvaroittaja\\core.yaml": "1771876256.989718",
    "agents\\myrskyvaroittaja\\sources.yaml": "1771876256.989718",
    "agents\\nektari_informaatikko\\core.yaml": "1771876256.989718",
    "agents\\nektari_informaatikko\\sources.yaml": "1771876256.989718",
    "agents\\nuohooja\\core.yaml": "1771876256.989718",
    "agents\\nuohooja\\sources.yaml": "1771876256.9907181",
    "agents\\ornitologi\\core.yaml": "1771876256.9907181",
    "agents\\ornitologi\\sources.yaml": "1771876256.9907181",
    "agents\\paloesimies\\core.yaml": "1771876256.991718",
    "agents\\paloesimies\\sources.yaml": "1771876256.991718",
    "agents\\parveiluvahti\\core.yaml": "1771876256.991718",
    "agents\\parveiluvahti\\sources.yaml": "1771876256.991718",
    "agents\\pesalampo\\core.yaml": "1771876256.992718",
    "agents\\pesalampo\\sources.yaml": "1771876256.992718",
    "agents\\pesaturvallisuus\\core.yaml": "1771876256.992718",
    "agents\\pesaturvallisuus\\sources.yaml": "1771876256.992718",
    "agents\\pienelain_tuholais\\core.yaml": "1771876256.994819",
    "agents\\pienelain_tuholais\\sources.yaml": "1771876256.9958186",
    "agents\\pihavahti\\core.yaml": "1771876256.9958186",
    "agents\\pihavahti\\sources.yaml": "1771876256.9968193",
    "agents\\privaattisuus\\core.yaml": "1771876256.9978187",
    "agents\\privaattisuus\\sources.yaml": "1771876256.9988184",
    "agents\\rantavahti\\core.yaml": "1771876256.9998176",
    "agents\\rantavahti\\sources.yaml": "1771876256.9998176",
    "agents\\ravintoterapeutti\\core.yaml": "1771876257.000818",
    "agents\\ravintoterapeutti\\sources.yaml": "1771876257.0018172",
    "agents\\riistanvartija\\core.yaml": "1771876257.002817",
    "agents\\riistanvartija\\sources.yaml": "1771876257.0038183",
    "agents\\routa_maapera\\core.yaml": "1771876257.0048177",
    "agents\\routa_maapera\\sources.yaml": "1771876257.0058162",
    "agents\\sahkoasentaja\\core.yaml": "1771876257.006817",
    "agents\\sahkoasentaja\\sources.yaml": "1771876257.006817",
    "agents\\saunamajuri\\core.yaml": "1771876257.0078173",
    "agents\\saunamajuri\\sources.yaml": "1771876257.0098884",
    "agents\\siivousvastaava\\core.yaml": "1771876257.0108879",
    "agents\\siivousvastaava\\sources.yaml": "1771876257.0118904",
    "agents\\tahtitieteilija\\core.yaml": "1771876257.0148883",
    "agents\\tahtitieteilija\\sources.yaml": "1771876257.0158894",
    "agents\\tarhaaja\\apiaries.yaml": "1771876257.0168903",
    "agents\\tarhaaja\\bee_biology.yaml": "1771876257.0178902",
    "agents\\tarhaaja\\core.yaml": "1771876257.0206165",
    "agents\\tarhaaja\\flora_calendar.yaml": "1771876257.0215623",
    "agents\\tarhaaja\\sources.yaml": "1771876257.0225642",
    "agents\\tautivahti\\core.yaml": "1771876257.024586",
    "agents\\tautivahti\\sources.yaml": "1771876257.0255678",
    "agents\\timpuri\\core.yaml": "1771876257.0275617",
    "agents\\timpuri\\sources.yaml": "1771876257.0285652",
    "agents\\valaistusmestari\\core.yaml": "1771876257.029563",
    "agents\\valaistusmestari\\sources.yaml": "1771876257.0305583",
    "agents\\valo_varjo\\core.yaml": "1771876257.0315619",
    "agents\\valo_varjo\\sources.yaml": "1771876257.032572",
    "agents\\viihdepaallikko\\core.yaml": "1771876257.0345638",
    "agents\\viihdepaallikko\\sources.yaml": "1771876257.0355604"
  },
  "total_facts": 1348
}